<?xml version="1.0" encoding="UTF-8"?>
<beans:beans xmlns="http://www.springframework.org/schema/integration"
        xmlns:xsi="http://www.w3.org/2001/XMLSchema-instance"
        xmlns:beans="http://www.springframework.org/schema/beans"
        xmlns:int-http="http://www.springframework.org/schema/integration/http"
        xsi:schemaLocation="http://www.springframework.org/schema/beans
        http://www.springframework.org/schema/beans/spring-beans.xsd
        http://www.springframework.org/schema/integration/http 
        http://www.springframework.org/schema/integration/http/spring-integration-http.xsd
        http://www.springframework.org/schema/integration
        http://www.springframework.org/schema/integration/spring-integration.xsd">

  <channel id="newOrder"/>

  <filter ref="amountFilter" method="checkAmount"
          input-channel="newOrder" output-channel="acceptOrder"
          discard-channel="rejectOrder"/>

  <channel id="acceptOrder"/>
  <channel id="rejectOrder"/>

  <service-activator input-channel="rejectOrder"
                     ref="placeOrderService"
                     method="rejectOrder"/>

  <router method="route" input-channel="acceptOrder">
    <beans:bean class="integration.ex2.CheckStockRouter"/>
  </router>

  <channel id="paymentChannel"/>
  <channel id="supplierChannel"/>

  <service-activator input-channel="supplierChannel"
                     ref="placeOrderService"
                     method="sendRequestSupplier"/>

  <router method="route" input-channel="paymentChannel">
    <beans:bean class="integration.ex2.PaymentRouter"/>
  </router>

  <channel id="payFail"/>
  <channel id="paySuccess"/>

  <service-activator input-channel="payFail"
                     ref="placeOrderService"
                     method="paymentFail"/>

  <router method="route" input-channel="paySuccess">
    <beans:bean class="integration.ex2.ShippingRouter"/>
  </router>

  <channel id="domestic"/>
  <channel id="international"/>

  <service-activator input-channel="domestic"
                     ref="dhlService"
                     method="shipping"/>

  <service-activator input-channel="international"
                     ref="fedexService"
                     method="shipping"/>

  <beans:bean id="amountFilter" class="integration.ex2.AmountFilter"/>
  <beans:bean id="placeOrderService" class="integration.ex2.PlaceOrderService"/>
  <beans:bean id="dhlService" class="integration.ex2.DHLService"/>
  <beans:bean id="fedexService" class="integration.ex2.FedExService"/>


</beans:beans>
