<?xml version="1.0" encoding="UTF-8"?>
<beans:beans xmlns="http://www.springframework.org/schema/integration"
        xmlns:xsi="http://www.w3.org/2001/XMLSchema-instance"
        xmlns:beans="http://www.springframework.org/schema/beans"
        xmlns:int-http="http://www.springframework.org/schema/integration/http"
        xsi:schemaLocation="http://www.springframework.org/schema/beans
        http://www.springframework.org/schema/beans/spring-beans.xsd
        http://www.springframework.org/schema/integration/http 
        http://www.springframework.org/schema/integration/http/spring-integration-http.xsd
        http://www.springframework.org/schema/integration
        http://www.springframework.org/schema/integration/spring-integration.xsd">


  <channel id="inputChannel"/>
  <channel id="inputChannel.warehouse"/>
  <channel id="inputChannel.shipping"/>
  <channel id="inputChannel.premium"/>
  <channel id="inputChannel.normal"/>

  <service-activator input-channel="inputChannel"
                     ref="helloService"
                     method="sayHello"/>

  <service-activator input-channel="inputChannel.warehouse"
                     ref="warehouseService"
                     method="updateStock"
                     output-channel="inputChannel.shipping"/>

  <!-- question a
  <service-activator input-channel="inputChannel.shipping"
                     ref="shippingService"
                     method="shipping"/>
  -->

  <router method="route" input-channel="inputChannel.shipping">
    <beans:bean class="integration.ex1.OrderRouter"/>
  </router>

  <service-activator input-channel="inputChannel.premium"
                     ref="premiumShippingService"
                     method="shipping"/>

  <service-activator input-channel="inputChannel.normal"
                     ref="normalShippingService"
                     method="shipping"/>

  <beans:bean id="helloService" class="integration.HelloService"/>
  <beans:bean id="warehouseService" class="integration.ex1.WarehouseService"/>
  <beans:bean id="shippingService" class="integration.ex1.ShippingService"/>
  <beans:bean id="normalShippingService" class="integration.ex1.NormalShippingService"/>
  <beans:bean id="premiumShippingService" class="integration.ex1.PremiumShippingService"/>

</beans:beans>
